<?xml version="1.0" encoding="UTF-8"?>
<project-private xmlns="http://www.netbeans.org/ns/project-private/1">
    <editor-bookmarks xmlns="http://www.netbeans.org/ns/editor-bookmarks/2" lastBookmarkId="0"/>
    <open-files xmlns="http://www.netbeans.org/ns/projectui-open-files/2">
        <group>
            <file>file:/home/luis/Ayudantías/2016-1/Inteligencia%20Artificial/Practica2/Practica/netbeans/AEstrella/src/ia/Accion.java</file>
            <file>file:/home/luis/Ayudantías/2016-1/Inteligencia%20Artificial/Practica2/Practica/netbeans/AEstrella/src/ia/Situacion.java</file>
            <file>file:/home/luis/Ayudantías/2016-1/Inteligencia%20Artificial/Practica2/Practica/netbeans/AEstrella/src/ia/AEstrella.java</file>
            <file>file:/home/luis/Ayudantías/2016-1/Inteligencia%20Artificial/Practica2/Practica/netbeans/AEstrella/src/ia/Tipo.java</file>
        </group>
    </open-files>
</project-private>
